sepal.length,sepal.width,petal.length,petal.width,class
0.13888888888888887,0.41666666666666663,0.07017543859649121,0.0,Setosa__HB0__bottom
0.27777777777777773,0.7083333333333333,0.08771929824561403,0.04166666666666667,Setosa__HB0__top
0.5833333333333334,0.3333333333333332,0.5789473684210525,0.5,Versicolor__HB1__bottom
0.6944444444444443,0.3749999999999999,0.6666666666666666,0.5416666666666666,Versicolor__HB1__top
0.5833333332333334,0.2916666665666667,0.7543859648122806,0.7499999999,Virginica__HB2__bottom
0.5833333334333334,0.2916666667666667,0.7543859650122806,0.7500000001,Virginica__HB2__top
