sepal.length,sepal.width,petal.length,petal.width,class
0.0,0.45454545454545453,0.016949152542372895,0.0,Setosa__HB0__bottom
0.22222222222222213,0.6818181818181818,0.06779661016949151,0.04166666666666667,Setosa__HB0__top
0.361111111111111,0.4545454544454545,0.576271186440678,0.5416666666666666,Versicolor__HB1__bottom
0.6388888888888887,0.45454545464545454,0.5932203389830508,0.5833333333333334,Versicolor__HB1__top
0.6666666665666666,0.5909090908090908,0.7966101693915254,0.8333333332333334,Virginica__HB2__bottom
0.6666666667666666,0.5909090910090908,0.7966101695915254,0.8333333334333334,Virginica__HB2__top
