sepal.length,sepal.width,petal.length,petal.width,class
0.22222222222222213,0.6818181818181818,0.06779661016949151,0.04166666666666667,Setosa
0.0,0.45454545454545453,0.016949152542372895,0.0,Setosa
0.361111111111111,0.45454545454545453,0.5932203389830508,0.5833333333333334,Versicolor
0.6388888888888887,0.45454545454545453,0.576271186440678,0.5416666666666666,Versicolor
0.6666666666666666,0.5909090909090908,0.7966101694915254,0.8333333333333334,Virginica
